{
 "CoNi2": {
  "(2, 2, 2)": {
   "O": [
    -5.619
   ]
  },
  "(3, 2, 0)": {
   "N": [
    -5.234910039999998
   ],
   "O": [
    -5.815066759999985
   ]
  }
 },
 "TiPt5": {
  "(2, 2, 2)": {
   "O": [
    -6.064
   ]
  }
 },
 "PdPt": {
  "(2, 2, 2)": {
   "O": [
    -4.235
   ]
  }
 },
 "MnIr3": {
  "(2, 2, 2)": {
   "O": [
    -6.525
   ]
  }
 },
 "Ir3Rh": {
  "(2, 2, 2)": {
   "N": [
    -5.825
   ]
  }
 },
 "HgPd4": {
  "(2, 2, 2)": {
   "O": [
    -3.735
   ]
  }
 },
 "CuPt3": {
  "(2, 2, 2)": {
   "O": [
    -4.591
   ]
  }
 },
 "mp-972895": {
  "(2, 2, 2)": {
   "O": [
    -6.1081491398889
   ],
   "N": [
    -4.539764609888881
   ]
  }
 },
 "mp-2349": {
  "(2, 2, 2)": {
   "N": [
    -7.849031650000018
   ],
   "O": [
    -9.23383288
   ]
  }
 },
 "mp-11481": {
  "(2, 2, 2)": {
   "N": [
    -6.596750202323097
   ],
   "O": [
    -6.961370232323082
   ]
  }
 },
 "mp-30353": {
  "(2, 2, 2)": {
   "N": [
    -5.07810008321535
   ],
   "O": [
    -4.375892203215306
   ]
  }
 },
 "mp-1095443": {
  "(2, 2, 2)": {
   "O": [
    -8.678582716144268
   ],
   "N": [
    -7.151956766144213
   ]
  }
 },
 "mp-1606": {
  "(2, 2, 2)": {
   "N": [
    -6.795829689999881
   ],
   "O": [
    -7.741076279999907
   ]
  }
 },
 "mp-1184027": {
  "(2, 2, 2)": {
   "N": [
    -5.738165568441037
   ]
  }
 },
 "mp-1463": {
  "(2, 2, 2)": {
   "N": [
    -5.235065686616782
   ],
   "O": [
    -7.120305646616719
   ]
  }
 },
 "mp-1189501": {
  "(2, 2, 2)": {
   "O": [
    -6.16324071000003
   ],
   "N": [
    -4.53427393000003
   ]
  }
 },
 "mp-974370": {
  "(2, 2, 2)": {
   "N": [
    -5.663063059999946
   ],
   "O": [
    -5.660852240000002
   ]
  }
 },
 "mp-522": {
  "(2, 2, 2)": {
   "N": [
    -3.312869264880579
   ],
   "O": [
    -4.566919154880571
   ]
  }
 },
 "mp-974411": {
  "(2, 2, 2)": {
   "O": [
    -7.8663492599998275
   ],
   "N": [
    -7.257538849999879
   ]
  }
 },
 "mp-1194": {
  "(2, 2, 2)": {
   "N": [
    -3.4634650185344533
   ],
   "O": [
    -4.437475978534456
   ]
  }
 },
 "mp-1077790": {
  "(2, 2, 2)": {
   "O": [
    -6.593610258109896
   ]
  }
 },
 "Fe3Ag_liu": {
  "(3, 1, 0)": {
   "O": [
    -5.94
   ],
   "N": [
    -5.41
   ]
  }
 },
 "Fe3Pt_liu": {
  "(3, 1, 0)": {
   "O": [
    -5.72
   ],
   "N": [
    -5.48
   ]
  }
 },
 "Fe3Rh_liu": {
  "(3, 1, 0)": {
   "O": [
    -6.03
   ],
   "N": [
    -5.84
   ]
  }
 },
 "Fe3Co_liu": {
  "(3, 1, 0)": {
   "O": [
    -6.35
   ],
   "N": [
    -5.99
   ]
  }
 },
 "Fe3Ni_liu": {
  "(3, 1, 0)": {
   "O": [
    -6.16
   ],
   "N": [
    -5.94
   ]
  }
 },
 "Fe3Cu_liu": {
  "(3, 1, 0)": {
   "O": [
    -6.07
   ],
   "N": [
    -5.61
   ]
  }
 },
 "Fe3Ru_liu": {
  "(3, 1, 0)": {
   "O": [
    -6.44
   ],
   "N": [
    -6.43
   ]
  }
 },
 "Fe3Sn_liu": {
  "(3, 1, 0)": {
   "O": [
    -5.5
   ],
   "N": [
    -4.86
   ]
  }
 },
 "AgPt3_liu": {
  "(2, 1, 1)": {
   "O": [
    -3.91
   ],
   "N": [
    -3.99
   ]
  }
 },
 "CoPt3_liu": {
  "(2, 1, 1)": {
   "O": [
    -5.06
   ],
   "N": [
    -4.99
   ]
  }
 },
 "CuPt3_liu": {
  "(2, 1, 1)": {
   "O": [
    -4.21
   ],
   "N": [
    -4.28
   ]
  }
 },
 "NiPt3_liu": {
  "(2, 1, 1)": {
   "O": [
    -4.55
   ],
   "N": [
    -4.99
   ]
  }
 },
 "Pt3Rh_liu": {
  "(2, 1, 1)": {
   "O": [
    -4.9
   ],
   "N": [
    -5.17
   ]
  }
 },
 "RuPt3_liu": {
  "(2, 1, 1)": {
   "O": [
    -5.45
   ],
   "N": [
    -5.38
   ]
  }
 },
 "SnPt3_liu": {
  "(2, 1, 1)": {
   "O": [
    -3.92
   ],
   "N": [
    -3.64
   ]
  }
 },
 "AgRh3_liu": {
  "(2, 1, 1)": {
   "O": [
    -4.72
   ],
   "N": [
    -5.07
   ]
  }
 },
 "CoRh3_liu": {
  "(2, 1, 1)": {
   "O": [
    -5.42
   ],
   "N": [
    -5.79
   ]
  }
 },
 "CuRh3_liu": {
  "(2, 1, 1)": {
   "O": [
    -4.99
   ],
   "N": [
    -5.42
   ]
  }
 },
 "NiRh3_liu": {
  "(2, 1, 1)": {
   "O": [
    -5.26
   ],
   "N": [
    -5.72
   ]
  }
 },
 "PtRh3_liu": {
  "(2, 1, 1)": {
   "O": [
    -4.81
   ],
   "N": [
    -5.32
   ]
  }
 },
 "RuRh3_liu": {
  "(2, 1, 1)": {
   "O": [
    -5.63
   ],
   "N": [
    -6.08
   ]
  }
 },
 "SnRh3_liu": {
  "(2, 1, 1)": {
   "O": [
    -4.33
   ],
   "N": [
    -5.12
   ]
  }
 },
 "AgPd3_liu": {
  "(2, 1, 1)": {
   "O": [
    -3.81
   ],
   "N": [
    -3.69
   ]
  }
 },
 "CoPd3_liu": {
  "(2, 1, 1)": {
   "O": [
    -4.97
   ],
   "N": [
    -4.97
   ]
  }
 },
 "CuPd3_liu": {
  "(2, 1, 1)": {
   "O": [
    -4.28
   ],
   "N": [
    -4.19
   ]
  }
 },
 "NiPd3_liu": {
  "(2, 1, 1)": {
   "O": [
    -4.71
   ],
   "N": [
    -4.97
   ]
  }
 },
 "Pd3Pt_liu": {
  "(2, 1, 1)": {
   "O": [
    -4.36
   ],
   "N": [
    -4.93
   ]
  }
 },
 "Pd3Ru_liu": {
  "(2, 1, 1)": {
   "O": [
    -5.64
   ],
   "N": [
    -5.68
   ]
  }
 },
 "SnPd3_liu": {
  "(2, 1, 1)": {
   "O": [
    -3.83
   ],
   "N": [
    -3.2
   ]
  }
 },
 "Pd3Rh_liu": {
  "(2, 1, 1)": {
   "O": [
    -4.78
   ],
   "N": [
    -5.28
   ]
  }
 },
 "CuNi8": {
  "(2, 0, 1)": {
   "N": [
    -5.505804570000019
   ],
   "O": [
    -5.608879549999989
   ]
  }
 },
 "Ni7Ag": {
  "(1, 1, 0)": {
   "N": [
    -4.423003790000005
   ],
   "O": [
    -4.76925224000002
   ]
  }
 },
 "ZnNi": {
  "(1, 2, 1)": {
   "N": [
    -3.871660799999982
   ],
   "O": [
    -4.711668939999987
   ]
  }
 },
 "FeNi8": {
  "(1, 1, 0)": {
   "N": [
    -5.825200519999963
   ],
   "O": [
    -5.978588929999949
   ]
  }
 },
 "ZnCu8": {
  "(2, 0, 1)": {
   "N": [
    -3.585963930000001
   ],
   "O": [
    -4.993879690000005
   ]
  }
 },
 "HgPd2_old": {
  "(1, 1, 1)": {
   "O": [
    -3.7954773600000125
   ],
   "N": [
    -3.50338437000001
   ]
  }
 },
 "MnIr3_old": {
  "(1, 1, 1)": {
   "O": [
    -6.036433909999976
   ],
   "N": [
    -6.0474350299999635
   ]
  }
 },
 "CdPt3_old": {
  "(1, 1, 1)": {
   "O": [],
   "N": []
  }
 },
 "Cu8Ni_old": {
  "(1, 1, 1)": {
   "O": [
    -4.759820080000003
   ],
   "N": [
    -4.013695510000009
   ]
  }
 },
 "Pd3Pt_old": {
  "(1, 1, 1)": {
   "O": [],
   "N": []
  }
 },
 "ZnIr3_old": {
  "(1, 1, 1)": {
   "O": [],
   "N": []
  }
 },
 "Ir3Rh_old": {
  "(1, 1, 1)": {
   "O": [],
   "N": []
  }
 },
 "TiPt5_old": {
  "(1, 1, 1)": {
   "O": [
    -4.178742099999999
   ],
   "N": [
    -4.3209046000000235
   ]
  }
 },
 "CoNi2_old": {
  "(1, 1, 1)": {
   "O": [
    -6.267742500000002
   ],
   "N": [
    -6.116588979999978
   ]
  }
 },
 "CoPt3_old": {
  "(1, 1, 1)": {
   "O": [],
   "N": []
  }
 },
 "NiPt3_old": {
  "(1, 1, 1)": {
   "O": [],
   "N": []
  }
 },
 "ZnIr_old": {
  "(1, 1, 1)": {
   "O": [],
   "N": []
  }
 },
 "ZnNi_old": {
  "(1, 1, 1)": {
   "O": [],
   "N": []
  }
 },
 "CuPt_old": {
  "(1, 1, 1)": {
   "O": [],
   "N": []
  }
 },
 "Fe3Co_old": {
  "(1, 1, 1)": {
   "O": [],
   "N": []
  }
 },
 "Fe3Ag_old": {
  "(1, 1, 1)": {
   "O": [],
   "N": []
  }
 },
 "Fe3Ni_old": {
  "(1, 1, 1)": {
   "O": [],
   "N": []
  }
 },
 "CdNi3_old": {
  "(1, 1, 1)": {
   "O": [],
   "N": []
  }
 },
 "Fe3Cu_old": {
  "(1, 1, 1)": {
   "O": [],
   "N": []
  }
 },
 "Ni3Ag_old": {
  "(1, 1, 1)": {
   "O": [],
   "N": []
  }
 },
 "IrRh_old": {
  "(1, 1, 1)": {
   "O": [],
   "N": []
  }
 },
 "CrOs5_old": {
  "(1, 1, 1)": {
   "O": [],
   "N": []
  }
 },
 "IrPd3_old": {
  "(1, 1, 1)": {
   "O": [
    -4.634524790000006
   ],
   "N": [
    -4.676371970000009
   ]
  }
 },
 "FePt5_old": {
  "(1, 1, 1)": {
   "O": [],
   "N": []
  }
 },
 "FePt3_old": {
  "(1, 1, 1)": {
   "O": [],
   "N": []
  }
 },
 "Cd2Pd_old": {
  "(1, 1, 1)": {
   "O": [
    -4.818837969999999
   ],
   "N": [
    -3.3522937400000004
   ]
  }
 },
 "PtRh_old": {
  "(1, 1, 1)": {
   "O": [],
   "N": []
  }
 },
 "Cu_old": {
  "(1, 1, 1)": {
   "O": [],
   "N": []
  }
 },
 "Rh_old": {
  "(1, 1, 1)": {
   "O": [],
   "N": []
  }
 },
 "Pt_old": {
  "(1, 1, 1)": {
   "O": [],
   "N": []
  }
 },
 "MnPd5_old": {
  "(1, 1, 1)": {
   "O": [],
   "N": []
  }
 },
 "IrRu_old": {
  "(1, 1, 1)": {
   "O": [],
   "N": []
  }
 },
 "Ir2Rh_old": {
  "(1, 1, 1)": {
   "O": [],
   "N": []
  }
 },
 "PdPt_old": {
  "(1, 1, 1)": {
   "O": [],
   "N": []
  }
 },